,source_niche,target_niche,gp_score
0,Bmp4 GP/Vegfb GP+ Lateral Plate Mesoderm,Bmp4 GP/Vegfb GP+ Lateral Plate Mesoderm,0.20930278803106359
1,Bmp8a GP/9-cis-Ret. acid GP+ Splanchnic Mesoderm,Bmp4 GP/Vegfb GP+ Lateral Plate Mesoderm,12.09095706510371
2,Calca GP/Shh GP+ Floor Plate,Bmp4 GP/Vegfb GP+ Lateral Plate Mesoderm,618.5384736088723
3,Cdh13 GP/Col1a1 GP+ Mixed mesenchymal mesoderm,Bmp4 GP/Vegfb GP+ Lateral Plate Mesoderm,0.0
4,Cthrc1 GP/Pdgfc GP+ Dorsal Gut,Bmp4 GP/Vegfb GP+ Lateral Plate Mesoderm,2734.5490929856173
5,Edn1 GP/Nppa1 GP+ Developing Heart,Bmp4 GP/Vegfb GP+ Lateral Plate Mesoderm,1.385212938355524
6,Epo GP/Thpo GP+ Hematopoiesis,Bmp4 GP/Vegfb GP+ Lateral Plate Mesoderm,0.0
7,Fgf17 GP/Efna2 GP+ Midbrain,Bmp4 GP/Vegfb GP+ Lateral Plate Mesoderm,-1.3437917604027239
8,Fgf18 GP/Dll1 GP+ Presomitic Mesoderm,Bmp4 GP/Vegfb GP+ Lateral Plate Mesoderm,-1.2373557346941038
9,Gdf10 GP/Fgf3 GP+ Hindbrain,Bmp4 GP/Vegfb GP+ Lateral Plate Mesoderm,0.0
10,Guanine GP/Slitrk1 GP+ Neural Crest (Neural Tube),Bmp4 GP/Vegfb GP+ Lateral Plate Mesoderm,0.0
11,IL10 GP/Fgf2 GP+ Angiogenesis,Bmp4 GP/Vegfb GP+ Lateral Plate Mesoderm,-0.26524602313125295
12,Ihh GP/Spint1 GP+ Ventral Gut,Bmp4 GP/Vegfb GP+ Lateral Plate Mesoderm,8587.956979248545
13,Mix,Bmp4 GP/Vegfb GP+ Lateral Plate Mesoderm,0.0
14,Nptn GP/Fgf8 GP+ Spinal cord,Bmp4 GP/Vegfb GP+ Lateral Plate Mesoderm,2.788851340077803
15,Pcsk1n GP/Dkk1 GP+ Forebrain,Bmp4 GP/Vegfb GP+ Lateral Plate Mesoderm,1.0256149137619133
16,Pgf GP/Cd44 GP+ Allantois,Bmp4 GP/Vegfb GP+ Lateral Plate Mesoderm,0.0
17,Saa1 GP/Il6st GP+ Muscles,Bmp4 GP/Vegfb GP+ Lateral Plate Mesoderm,0.11987098425087332
18,Sfrp4 GP/Pdgfa GP+ Surface Ectoderm,Bmp4 GP/Vegfb GP+ Lateral Plate Mesoderm,4.808545913858776
19,Tgfbi GP/Fgf6 GP+ Cranial Mesoderm,Bmp4 GP/Vegfb GP+ Lateral Plate Mesoderm,1.1277518627462457
20,Bmp4 GP/Vegfb GP+ Lateral Plate Mesoderm,Bmp8a GP/9-cis-Ret. acid GP+ Splanchnic Mesoderm,0.8260501024490495
21,Bmp8a GP/9-cis-Ret. acid GP+ Splanchnic Mesoderm,Bmp8a GP/9-cis-Ret. acid GP+ Splanchnic Mesoderm,47.719079216726364
22,Calca GP/Shh GP+ Floor Plate,Bmp8a GP/9-cis-Ret. acid GP+ Splanchnic Mesoderm,2441.170393857621
23,Cdh13 GP/Col1a1 GP+ Mixed mesenchymal mesoderm,Bmp8a GP/9-cis-Ret. acid GP+ Splanchnic Mesoderm,0.0
24,Cthrc1 GP/Pdgfc GP+ Dorsal Gut,Bmp8a GP/9-cis-Ret. acid GP+ Splanchnic Mesoderm,10792.376822412334
25,Edn1 GP/Nppa1 GP+ Developing Heart,Bmp8a GP/9-cis-Ret. acid GP+ Splanchnic Mesoderm,5.466985415753326
26,Epo GP/Thpo GP+ Hematopoiesis,Bmp8a GP/9-cis-Ret. acid GP+ Splanchnic Mesoderm,0.0
27,Fgf17 GP/Efna2 GP+ Midbrain,Bmp8a GP/9-cis-Ret. acid GP+ Splanchnic Mesoderm,-5.3035094840022765
28,Fgf18 GP/Dll1 GP+ Presomitic Mesoderm,Bmp8a GP/9-cis-Ret. acid GP+ Splanchnic Mesoderm,-4.883441071307117
29,Gdf10 GP/Fgf3 GP+ Hindbrain,Bmp8a GP/9-cis-Ret. acid GP+ Splanchnic Mesoderm,0.0
30,Guanine GP/Slitrk1 GP+ Neural Crest (Neural Tube),Bmp8a GP/9-cis-Ret. acid GP+ Splanchnic Mesoderm,0.0
31,IL10 GP/Fgf2 GP+ Angiogenesis,Bmp8a GP/9-cis-Ret. acid GP+ Splanchnic Mesoderm,-1.0468398755837725
32,Ihh GP/Spint1 GP+ Ventral Gut,Bmp8a GP/9-cis-Ret. acid GP+ Splanchnic Mesoderm,33893.87599310646
33,Mix,Bmp8a GP/9-cis-Ret. acid GP+ Splanchnic Mesoderm,0.0
34,Nptn GP/Fgf8 GP+ Spinal cord,Bmp8a GP/9-cis-Ret. acid GP+ Splanchnic Mesoderm,11.006690149031988
35,Pcsk1n GP/Dkk1 GP+ Forebrain,Bmp8a GP/9-cis-Ret. acid GP+ Splanchnic Mesoderm,4.047768845107622
36,Pgf GP/Cd44 GP+ Allantois,Bmp8a GP/9-cis-Ret. acid GP+ Splanchnic Mesoderm,0.0
37,Saa1 GP/Il6st GP+ Muscles,Bmp8a GP/9-cis-Ret. acid GP+ Splanchnic Mesoderm,0.4730918290797281
38,Sfrp4 GP/Pdgfa GP+ Surface Ectoderm,Bmp8a GP/9-cis-Ret. acid GP+ Splanchnic Mesoderm,18.977768438442858
39,Tgfbi GP/Fgf6 GP+ Cranial Mesoderm,Bmp8a GP/9-cis-Ret. acid GP+ Splanchnic Mesoderm,4.450870198730392
40,Bmp4 GP/Vegfb GP+ Lateral Plate Mesoderm,Calca GP/Shh GP+ Floor Plate,1.9424256883955477
41,Bmp8a GP/9-cis-Ret. acid GP+ Splanchnic Mesoderm,Calca GP/Shh GP+ Floor Plate,112.20961661083801
42,Calca GP/Shh GP+ Floor Plate,Calca GP/Shh GP+ Floor Plate,5740.320192106249
43,Cdh13 GP/Col1a1 GP+ Mixed mesenchymal mesoderm,Calca GP/Shh GP+ Floor Plate,0.0
44,Cthrc1 GP/Pdgfc GP+ Dorsal Gut,Calca GP/Shh GP+ Floor Plate,25377.86741572546
45,Edn1 GP/Nppa1 GP+ Developing Heart,Calca GP/Shh GP+ Floor Plate,12.855410196257491
46,Epo GP/Thpo GP+ Hematopoiesis,Calca GP/Shh GP+ Floor Plate,0.0
47,Fgf17 GP/Efna2 GP+ Midbrain,Calca GP/Shh GP+ Floor Plate,-12.471002702903041
48,Fgf18 GP/Dll1 GP+ Presomitic Mesoderm,Calca GP/Shh GP+ Floor Plate,-11.483227659617539
49,Gdf10 GP/Fgf3 GP+ Hindbrain,Calca GP/Shh GP+ Floor Plate,0.0
50,Guanine GP/Slitrk1 GP+ Neural Crest (Neural Tube),Calca GP/Shh GP+ Floor Plate,0.0
51,IL10 GP/Fgf2 GP+ Angiogenesis,Calca GP/Shh GP+ Floor Plate,-2.461604520043187
52,Ihh GP/Spint1 GP+ Ventral Gut,Calca GP/Shh GP+ Floor Plate,79700.17219671472
53,Mix,Calca GP/Shh GP+ Floor Plate,0.0
54,Nptn GP/Fgf8 GP+ Spinal cord,Calca GP/Shh GP+ Floor Plate,25.881817127440712
55,Pcsk1n GP/Dkk1 GP+ Forebrain,Calca GP/Shh GP+ Floor Plate,9.518175909807095
56,Pgf GP/Cd44 GP+ Allantois,Calca GP/Shh GP+ Floor Plate,0.0
57,Saa1 GP/Il6st GP+ Muscles,Calca GP/Shh GP+ Floor Plate,1.112457608866623
58,Sfrp4 GP/Pdgfa GP+ Surface Ectoderm,Calca GP/Shh GP+ Floor Plate,44.62550735598666
59,Tgfbi GP/Fgf6 GP+ Cranial Mesoderm,Calca GP/Shh GP+ Floor Plate,10.466053553042606
60,Bmp4 GP/Vegfb GP+ Lateral Plate Mesoderm,Cdh13 GP/Col1a1 GP+ Mixed mesenchymal mesoderm,0.2015304531533402
61,Bmp8a GP/9-cis-Ret. acid GP+ Splanchnic Mesoderm,Cdh13 GP/Col1a1 GP+ Mixed mesenchymal mesoderm,11.641966546696437
62,Calca GP/Shh GP+ Floor Plate,Cdh13 GP/Col1a1 GP+ Mixed mesenchymal mesoderm,595.5694143007369
63,Cdh13 GP/Col1a1 GP+ Mixed mesenchymal mesoderm,Cdh13 GP/Col1a1 GP+ Mixed mesenchymal mesoderm,0.0
64,Cthrc1 GP/Pdgfc GP+ Dorsal Gut,Cdh13 GP/Col1a1 GP+ Mixed mesenchymal mesoderm,2633.0032345181094
65,Edn1 GP/Nppa1 GP+ Developing Heart,Cdh13 GP/Col1a1 GP+ Mixed mesenchymal mesoderm,1.3337738775807795
66,Epo GP/Thpo GP+ Hematopoiesis,Cdh13 GP/Col1a1 GP+ Mixed mesenchymal mesoderm,0.0
67,Fgf17 GP/Efna2 GP+ Midbrain,Cdh13 GP/Col1a1 GP+ Mixed mesenchymal mesoderm,-1.2938908505007305
68,Fgf18 GP/Dll1 GP+ Presomitic Mesoderm,Cdh13 GP/Col1a1 GP+ Mixed mesenchymal mesoderm,-1.1914072634702724
69,Gdf10 GP/Fgf3 GP+ Hindbrain,Cdh13 GP/Col1a1 GP+ Mixed mesenchymal mesoderm,0.0
70,Guanine GP/Slitrk1 GP+ Neural Crest (Neural Tube),Cdh13 GP/Col1a1 GP+ Mixed mesenchymal mesoderm,0.0
71,IL10 GP/Fgf2 GP+ Angiogenesis,Cdh13 GP/Col1a1 GP+ Mixed mesenchymal mesoderm,-0.25539626940291615
72,Ihh GP/Spint1 GP+ Ventral Gut,Cdh13 GP/Col1a1 GP+ Mixed mesenchymal mesoderm,8269.048291093424
73,Mix,Cdh13 GP/Col1a1 GP+ Mixed mesenchymal mesoderm,0.0
74,Nptn GP/Fgf8 GP+ Spinal cord,Cdh13 GP/Col1a1 GP+ Mixed mesenchymal mesoderm,2.685288999875935
75,Pcsk1n GP/Dkk1 GP+ Forebrain,Cdh13 GP/Col1a1 GP+ Mixed mesenchymal mesoderm,0.9875293123213748
76,Pgf GP/Cd44 GP+ Allantois,Cdh13 GP/Col1a1 GP+ Mixed mesenchymal mesoderm,0.0
77,Saa1 GP/Il6st GP+ Muscles,Cdh13 GP/Col1a1 GP+ Mixed mesenchymal mesoderm,0.11541964635669427
78,Sfrp4 GP/Pdgfa GP+ Surface Ectoderm,Cdh13 GP/Col1a1 GP+ Mixed mesenchymal mesoderm,4.629983413717259
79,Tgfbi GP/Fgf6 GP+ Cranial Mesoderm,Cdh13 GP/Col1a1 GP+ Mixed mesenchymal mesoderm,1.0858734662915397
80,Bmp4 GP/Vegfb GP+ Lateral Plate Mesoderm,Cthrc1 GP/Pdgfc GP+ Dorsal Gut,2.577600228575198
81,Bmp8a GP/9-cis-Ret. acid GP+ Splanchnic Mesoderm,Cthrc1 GP/Pdgfc GP+ Dorsal Gut,148.90223865569757
82,Calca GP/Shh GP+ Floor Plate,Cthrc1 GP/Pdgfc GP+ Dorsal Gut,7617.408855156598
83,Cdh13 GP/Col1a1 GP+ Mixed mesenchymal mesoderm,Cthrc1 GP/Pdgfc GP+ Dorsal Gut,0.0
84,Cthrc1 GP/Pdgfc GP+ Dorsal Gut,Cthrc1 GP/Pdgfc GP+ Dorsal Gut,33676.4475687908
85,Edn1 GP/Nppa1 GP+ Developing Heart,Cthrc1 GP/Pdgfc GP+ Dorsal Gut,17.059138199346947
86,Epo GP/Thpo GP+ Hematopoiesis,Cthrc1 GP/Pdgfc GP+ Dorsal Gut,0.0
87,Fgf17 GP/Efna2 GP+ Midbrain,Cthrc1 GP/Pdgfc GP+ Dorsal Gut,-16.54902919046389
88,Fgf18 GP/Dll1 GP+ Presomitic Mesoderm,Cthrc1 GP/Pdgfc GP+ Dorsal Gut,-15.238251026560654
89,Gdf10 GP/Fgf3 GP+ Hindbrain,Cthrc1 GP/Pdgfc GP+ Dorsal Gut,0.0
90,Guanine GP/Slitrk1 GP+ Neural Crest (Neural Tube),Cthrc1 GP/Pdgfc GP+ Dorsal Gut,0.0
91,IL10 GP/Fgf2 GP+ Angiogenesis,Cthrc1 GP/Pdgfc GP+ Dorsal Gut,-3.266550896351704
92,Ihh GP/Spint1 GP+ Ventral Gut,Cthrc1 GP/Pdgfc GP+ Dorsal Gut,105762.18348997686
93,Mix,Cthrc1 GP/Pdgfc GP+ Dorsal Gut,0.0
94,Nptn GP/Fgf8 GP+ Spinal cord,Cthrc1 GP/Pdgfc GP+ Dorsal Gut,34.345189183910406
95,Pcsk1n GP/Dkk1 GP+ Forebrain,Cthrc1 GP/Pdgfc GP+ Dorsal Gut,12.630625998878212
96,Pgf GP/Cd44 GP+ Allantois,Cthrc1 GP/Pdgfc GP+ Dorsal Gut,0.0
97,Saa1 GP/Il6st GP+ Muscles,Cthrc1 GP/Pdgfc GP+ Dorsal Gut,1.4762320144475543
98,Sfrp4 GP/Pdgfa GP+ Surface Ectoderm,Cthrc1 GP/Pdgfc GP+ Dorsal Gut,59.21807904841292
99,Tgfbi GP/Fgf6 GP+ Cranial Mesoderm,Cthrc1 GP/Pdgfc GP+ Dorsal Gut,13.888460285390021
100,Bmp4 GP/Vegfb GP+ Lateral Plate Mesoderm,Edn1 GP/Nppa1 GP+ Developing Heart,-5.052208064833066
101,Bmp8a GP/9-cis-Ret. acid GP+ Splanchnic Mesoderm,Edn1 GP/Nppa1 GP+ Developing Heart,-291.85483562121266
102,Calca GP/Shh GP+ Floor Plate,Edn1 GP/Nppa1 GP+ Developing Heart,-14930.451209816189
103,Cdh13 GP/Col1a1 GP+ Mixed mesenchymal mesoderm,Edn1 GP/Nppa1 GP+ Developing Heart,0.0
104,Cthrc1 GP/Pdgfc GP+ Dorsal Gut,Edn1 GP/Nppa1 GP+ Developing Heart,-66007.29551301306
105,Edn1 GP/Nppa1 GP+ Developing Heart,Edn1 GP/Nppa1 GP+ Developing Heart,-33.43664957598302
106,Epo GP/Thpo GP+ Hematopoiesis,Edn1 GP/Nppa1 GP+ Developing Heart,0.0
107,Fgf17 GP/Efna2 GP+ Midbrain,Edn1 GP/Nppa1 GP+ Developing Heart,32.436813829519096
108,Fgf18 GP/Dll1 GP+ Presomitic Mesoderm,Edn1 GP/Nppa1 GP+ Developing Heart,29.867631868148933
109,Gdf10 GP/Fgf3 GP+ Hindbrain,Edn1 GP/Nppa1 GP+ Developing Heart,0.0
110,Guanine GP/Slitrk1 GP+ Neural Crest (Neural Tube),Edn1 GP/Nppa1 GP+ Developing Heart,0.0
111,IL10 GP/Fgf2 GP+ Angiogenesis,Edn1 GP/Nppa1 GP+ Developing Heart,6.402581207039318
112,Ihh GP/Spint1 GP+ Ventral Gut,Edn1 GP/Nppa1 GP+ Developing Heart,-207298.45941927773
113,Mix,Edn1 GP/Nppa1 GP+ Developing Heart,0.0
114,Nptn GP/Fgf8 GP+ Spinal cord,Edn1 GP/Nppa1 GP+ Developing Heart,-67.31805803690723
115,Pcsk1n GP/Dkk1 GP+ Forebrain,Edn1 GP/Nppa1 GP+ Developing Heart,-24.756573896913405
116,Pgf GP/Cd44 GP+ Allantois,Edn1 GP/Nppa1 GP+ Developing Heart,0.0
117,Saa1 GP/Il6st GP+ Muscles,Edn1 GP/Nppa1 GP+ Developing Heart,-2.89347867302112
118,Sfrp4 GP/Pdgfa GP+ Surface Ectoderm,Edn1 GP/Nppa1 GP+ Developing Heart,-116.06999923246096
119,Tgfbi GP/Fgf6 GP+ Cranial Mesoderm,Edn1 GP/Nppa1 GP+ Developing Heart,-27.22198356598808
120,Bmp4 GP/Vegfb GP+ Lateral Plate Mesoderm,Epo GP/Thpo GP+ Hematopoiesis,-755.2222684730118
121,Bmp8a GP/9-cis-Ret. acid GP+ Splanchnic Mesoderm,Epo GP/Thpo GP+ Hematopoiesis,-43627.51260323494
122,Calca GP/Shh GP+ Floor Plate,Epo GP/Thpo GP+ Hematopoiesis,-2231857.6525956206
123,Cdh13 GP/Col1a1 GP+ Mixed mesenchymal mesoderm,Epo GP/Thpo GP+ Hematopoiesis,0.0
124,Cthrc1 GP/Pdgfc GP+ Dorsal Gut,Epo GP/Thpo GP+ Hematopoiesis,-9867008.407689806
125,Edn1 GP/Nppa1 GP+ Developing Heart,Epo GP/Thpo GP+ Hematopoiesis,-4998.230876254567
126,Epo GP/Thpo GP+ Hematopoiesis,Epo GP/Thpo GP+ Hematopoiesis,0.0
127,Fgf17 GP/Efna2 GP+ Midbrain,Epo GP/Thpo GP+ Hematopoiesis,4848.771825705791
128,Fgf18 GP/Dll1 GP+ Presomitic Mesoderm,Epo GP/Thpo GP+ Hematopoiesis,4464.721247406807
129,Gdf10 GP/Fgf3 GP+ Hindbrain,Epo GP/Thpo GP+ Hematopoiesis,0.0
130,Guanine GP/Slitrk1 GP+ Neural Crest (Neural Tube),Epo GP/Thpo GP+ Hematopoiesis,0.0
131,IL10 GP/Fgf2 GP+ Angiogenesis,Epo GP/Thpo GP+ Hematopoiesis,957.0809121897613
132,Ihh GP/Spint1 GP+ Ventral Gut,Epo GP/Thpo GP+ Hematopoiesis,-30987720.7677432
133,Mix,Epo GP/Thpo GP+ Hematopoiesis,0.0
134,Nptn GP/Fgf8 GP+ Spinal cord,Epo GP/Thpo GP+ Hematopoiesis,-10062.945913434089
135,Pcsk1n GP/Dkk1 GP+ Forebrain,Epo GP/Thpo GP+ Hematopoiesis,-3700.701882843865
136,Pgf GP/Cd44 GP+ Allantois,Epo GP/Thpo GP+ Hematopoiesis,0.0
137,Saa1 GP/Il6st GP+ Muscles,Epo GP/Thpo GP+ Hematopoiesis,-432.52761944385463
138,Sfrp4 GP/Pdgfa GP+ Surface Ectoderm,Epo GP/Thpo GP+ Hematopoiesis,-17350.561773606645
139,Tgfbi GP/Fgf6 GP+ Cranial Mesoderm,Epo GP/Thpo GP+ Hematopoiesis,-4069.240204920153
140,Bmp4 GP/Vegfb GP+ Lateral Plate Mesoderm,Fgf17 GP/Efna2 GP+ Midbrain,-0.5400092911876514
141,Bmp8a GP/9-cis-Ret. acid GP+ Splanchnic Mesoderm,Fgf17 GP/Efna2 GP+ Midbrain,-31.19513703533645
142,Calca GP/Shh GP+ Floor Plate,Fgf17 GP/Efna2 GP+ Midbrain,-1595.85319358597
143,Cdh13 GP/Col1a1 GP+ Mixed mesenchymal mesoderm,Fgf17 GP/Efna2 GP+ Midbrain,0.0
144,Cthrc1 GP/Pdgfc GP+ Dorsal Gut,Fgf17 GP/Efna2 GP+ Midbrain,-7055.242461470902
145,Edn1 GP/Nppa1 GP+ Developing Heart,Fgf17 GP/Efna2 GP+ Midbrain,-3.5739029757898573
146,Epo GP/Thpo GP+ Hematopoiesis,Fgf17 GP/Efna2 GP+ Midbrain,0.0
147,Fgf17 GP/Efna2 GP+ Midbrain,Fgf17 GP/Efna2 GP+ Midbrain,3.4670347340580365
148,Fgf18 GP/Dll1 GP+ Presomitic Mesoderm,Fgf17 GP/Efna2 GP+ Midbrain,3.192425669647421
149,Gdf10 GP/Fgf3 GP+ Hindbrain,Fgf17 GP/Efna2 GP+ Midbrain,0.0
150,Guanine GP/Slitrk1 GP+ Neural Crest (Neural Tube),Fgf17 GP/Efna2 GP+ Midbrain,0.0
151,IL10 GP/Fgf2 GP+ Angiogenesis,Fgf17 GP/Efna2 GP+ Midbrain,0.6843450022280334
152,Ihh GP/Spint1 GP+ Ventral Gut,Fgf17 GP/Efna2 GP+ Midbrain,-22157.261280369483
153,Mix,Fgf17 GP/Efna2 GP+ Midbrain,0.0
154,Nptn GP/Fgf8 GP+ Spinal cord,Fgf17 GP/Efna2 GP+ Midbrain,-7.195344359959664
155,Pcsk1n GP/Dkk1 GP+ Forebrain,Fgf17 GP/Efna2 GP+ Midbrain,-2.6461261592457053
156,Pgf GP/Cd44 GP+ Allantois,Fgf17 GP/Efna2 GP+ Midbrain,0.0
157,Saa1 GP/Il6st GP+ Muscles,Fgf17 GP/Efna2 GP+ Midbrain,-0.3092717772573258
158,Sfrp4 GP/Pdgfa GP+ Surface Ectoderm,Fgf17 GP/Efna2 GP+ Midbrain,-12.406234503674067
159,Tgfbi GP/Fgf6 GP+ Cranial Mesoderm,Fgf17 GP/Efna2 GP+ Midbrain,-2.9096434393734403
160,Bmp4 GP/Vegfb GP+ Lateral Plate Mesoderm,Fgf18 GP/Dll1 GP+ Presomitic Mesoderm,-1.945662918394704
161,Bmp8a GP/9-cis-Ret. acid GP+ Splanchnic Mesoderm,Fgf18 GP/Dll1 GP+ Presomitic Mesoderm,-112.39662419586766
162,Calca GP/Shh GP+ Floor Plate,Fgf18 GP/Dll1 GP+ Presomitic Mesoderm,-5749.886960524556
163,Cdh13 GP/Col1a1 GP+ Mixed mesenchymal mesoderm,Fgf18 GP/Dll1 GP+ Presomitic Mesoderm,0.0
164,Cthrc1 GP/Pdgfc GP+ Dorsal Gut,Fgf18 GP/Dll1 GP+ Presomitic Mesoderm,-25420.161951986807
165,Edn1 GP/Nppa1 GP+ Developing Heart,Fgf18 GP/Dll1 GP+ Presomitic Mesoderm,-12.876834912676452
166,Epo GP/Thpo GP+ Hematopoiesis,Fgf18 GP/Dll1 GP+ Presomitic Mesoderm,0.0
167,Fgf17 GP/Efna2 GP+ Midbrain,Fgf18 GP/Dll1 GP+ Presomitic Mesoderm,12.49178676908926
168,Fgf18 GP/Dll1 GP+ Presomitic Mesoderm,Fgf18 GP/Dll1 GP+ Presomitic Mesoderm,11.502365508385186
169,Gdf10 GP/Fgf3 GP+ Hindbrain,Fgf18 GP/Dll1 GP+ Presomitic Mesoderm,0.0
170,Guanine GP/Slitrk1 GP+ Neural Crest (Neural Tube),Fgf18 GP/Dll1 GP+ Presomitic Mesoderm,0.0
171,IL10 GP/Fgf2 GP+ Angiogenesis,Fgf18 GP/Dll1 GP+ Presomitic Mesoderm,2.465707009032055
172,Ihh GP/Spint1 GP+ Ventral Gut,Fgf18 GP/Dll1 GP+ Presomitic Mesoderm,-79832.99982039914
173,Mix,Fgf18 GP/Dll1 GP+ Presomitic Mesoderm,0.0
174,Nptn GP/Fgf8 GP+ Spinal cord,Fgf18 GP/Dll1 GP+ Presomitic Mesoderm,-25.924951541971076
175,Pcsk1n GP/Dkk1 GP+ Forebrain,Fgf18 GP/Dll1 GP+ Presomitic Mesoderm,-9.534038820175576
176,Pgf GP/Cd44 GP+ Allantois,Fgf18 GP/Dll1 GP+ Presomitic Mesoderm,0.0
177,Saa1 GP/Il6st GP+ Muscles,Fgf18 GP/Dll1 GP+ Presomitic Mesoderm,-1.1143116211800592
178,Sfrp4 GP/Pdgfa GP+ Surface Ectoderm,Fgf18 GP/Dll1 GP+ Presomitic Mesoderm,-44.699879843955394
179,Tgfbi GP/Fgf6 GP+ Cranial Mesoderm,Fgf18 GP/Dll1 GP+ Presomitic Mesoderm,-10.48349618816484
180,Bmp4 GP/Vegfb GP+ Lateral Plate Mesoderm,Gdf10 GP/Fgf3 GP+ Hindbrain,-0.4913094379843602
181,Bmp8a GP/9-cis-Ret. acid GP+ Splanchnic Mesoderm,Gdf10 GP/Fgf3 GP+ Hindbrain,-28.381854710255972
182,Calca GP/Shh GP+ Floor Plate,Gdf10 GP/Fgf3 GP+ Hindbrain,-1451.9337878833112
183,Cdh13 GP/Col1a1 GP+ Mixed mesenchymal mesoderm,Gdf10 GP/Fgf3 GP+ Hindbrain,0.0
184,Cthrc1 GP/Pdgfc GP+ Dorsal Gut,Gdf10 GP/Fgf3 GP+ Hindbrain,-6418.976979016699
185,Edn1 GP/Nppa1 GP+ Developing Heart,Gdf10 GP/Fgf3 GP+ Hindbrain,-3.2515963912105788
186,Epo GP/Thpo GP+ Hematopoiesis,Gdf10 GP/Fgf3 GP+ Hindbrain,0.0
187,Fgf17 GP/Efna2 GP+ Midbrain,Gdf10 GP/Fgf3 GP+ Hindbrain,3.1543658867721027
188,Fgf18 GP/Dll1 GP+ Presomitic Mesoderm,Gdf10 GP/Fgf3 GP+ Hindbrain,2.904521990930487
189,Gdf10 GP/Fgf3 GP+ Hindbrain,Gdf10 GP/Fgf3 GP+ Hindbrain,0.0
190,Guanine GP/Slitrk1 GP+ Neural Crest (Neural Tube),Gdf10 GP/Fgf3 GP+ Hindbrain,0.0
191,IL10 GP/Fgf2 GP+ Angiogenesis,Gdf10 GP/Fgf3 GP+ Hindbrain,0.6226284693965077
192,Ihh GP/Spint1 GP+ Ventral Gut,Gdf10 GP/Fgf3 GP+ Hindbrain,-20159.044973076354
193,Mix,Gdf10 GP/Fgf3 GP+ Hindbrain,0.0
194,Nptn GP/Fgf8 GP+ Spinal cord,Gdf10 GP/Fgf3 GP+ Hindbrain,-6.546444017325761
195,Pcsk1n GP/Dkk1 GP+ Forebrain,Gdf10 GP/Fgf3 GP+ Hindbrain,-2.4074896068463234
196,Pgf GP/Cd44 GP+ Allantois,Gdf10 GP/Fgf3 GP+ Hindbrain,0.0
197,Saa1 GP/Il6st GP+ Muscles,Gdf10 GP/Fgf3 GP+ Hindbrain,-0.2813806087197853
198,Sfrp4 GP/Pdgfa GP+ Surface Ectoderm,Gdf10 GP/Fgf3 GP+ Hindbrain,-11.28739857067419
199,Tgfbi GP/Fgf6 GP+ Cranial Mesoderm,Gdf10 GP/Fgf3 GP+ Hindbrain,-2.647242012798424
200,Bmp4 GP/Vegfb GP+ Lateral Plate Mesoderm,Guanine GP/Slitrk1 GP+ Neural Crest (Neural Tube),-1.0460310921781788
201,Bmp8a GP/9-cis-Ret. acid GP+ Splanchnic Mesoderm,Guanine GP/Slitrk1 GP+ Neural Crest (Neural Tube),-60.42689227060301
202,Calca GP/Shh GP+ Floor Plate,Guanine GP/Slitrk1 GP+ Neural Crest (Neural Tube),-3091.2654398434906
203,Cdh13 GP/Col1a1 GP+ Mixed mesenchymal mesoderm,Guanine GP/Slitrk1 GP+ Neural Crest (Neural Tube),0.0
204,Cthrc1 GP/Pdgfc GP+ Dorsal Gut,Guanine GP/Slitrk1 GP+ Neural Crest (Neural Tube),-13666.43703726524
205,Edn1 GP/Nppa1 GP+ Developing Heart,Guanine GP/Slitrk1 GP+ Neural Crest (Neural Tube),-6.922869095237886
206,Epo GP/Thpo GP+ Hematopoiesis,Guanine GP/Slitrk1 GP+ Neural Crest (Neural Tube),0.0
207,Fgf17 GP/Efna2 GP+ Midbrain,Guanine GP/Slitrk1 GP+ Neural Crest (Neural Tube),6.715858761448928
208,Fgf18 GP/Dll1 GP+ Presomitic Mesoderm,Guanine GP/Slitrk1 GP+ Neural Crest (Neural Tube),6.183924173924118
209,Gdf10 GP/Fgf3 GP+ Hindbrain,Guanine GP/Slitrk1 GP+ Neural Crest (Neural Tube),0.0
210,Guanine GP/Slitrk1 GP+ Neural Crest (Neural Tube),Guanine GP/Slitrk1 GP+ Neural Crest (Neural Tube),0.0
211,IL10 GP/Fgf2 GP+ Angiogenesis,Guanine GP/Slitrk1 GP+ Neural Crest (Neural Tube),1.325618210258743
212,Ihh GP/Spint1 GP+ Ventral Gut,Guanine GP/Slitrk1 GP+ Neural Crest (Neural Tube),-42919.973035664254
213,Mix,Guanine GP/Slitrk1 GP+ Neural Crest (Neural Tube),0.0
214,Nptn GP/Fgf8 GP+ Spinal cord,Guanine GP/Slitrk1 GP+ Neural Crest (Neural Tube),-13.937823000958808
215,Pcsk1n GP/Dkk1 GP+ Forebrain,Guanine GP/Slitrk1 GP+ Neural Crest (Neural Tube),-5.125708541624308
216,Pgf GP/Cd44 GP+ Allantois,Guanine GP/Slitrk1 GP+ Neural Crest (Neural Tube),0.0
217,Saa1 GP/Il6st GP+ Muscles,Guanine GP/Slitrk1 GP+ Neural Crest (Neural Tube),-0.5990783866567768
218,Sfrp4 GP/Pdgfa GP+ Surface Ectoderm,Guanine GP/Slitrk1 GP+ Neural Crest (Neural Tube),-24.031636565281286
219,Tgfbi GP/Fgf6 GP+ Cranial Mesoderm,Guanine GP/Slitrk1 GP+ Neural Crest (Neural Tube),-5.636157663219261
220,Bmp4 GP/Vegfb GP+ Lateral Plate Mesoderm,IL10 GP/Fgf2 GP+ Angiogenesis,255.10077266505328
221,Bmp8a GP/9-cis-Ret. acid GP+ Splanchnic Mesoderm,IL10 GP/Fgf2 GP+ Angiogenesis,14736.604889898459
222,Calca GP/Shh GP+ Floor Plate,IL10 GP/Fgf2 GP+ Angiogenesis,753882.1820054709
223,Cdh13 GP/Col1a1 GP+ Mixed mesenchymal mesoderm,IL10 GP/Fgf2 GP+ Angiogenesis,0.0
224,Cthrc1 GP/Pdgfc GP+ Dorsal Gut,IL10 GP/Fgf2 GP+ Angiogenesis,3332901.549345932
225,Edn1 GP/Nppa1 GP+ Developing Heart,IL10 GP/Fgf2 GP+ Angiogenesis,1688.3143039053982
226,Epo GP/Thpo GP+ Hematopoiesis,IL10 GP/Fgf2 GP+ Angiogenesis,0.0
227,Fgf17 GP/Efna2 GP+ Midbrain,IL10 GP/Fgf2 GP+ Angiogenesis,-1637.8296706147642
228,Fgf18 GP/Dll1 GP+ Presomitic Mesoderm,IL10 GP/Fgf2 GP+ Angiogenesis,-1508.1041535631896
229,Gdf10 GP/Fgf3 GP+ Hindbrain,IL10 GP/Fgf2 GP+ Angiogenesis,0.0
230,Guanine GP/Slitrk1 GP+ Neural Crest (Neural Tube),IL10 GP/Fgf2 GP+ Angiogenesis,0.0
231,IL10 GP/Fgf2 GP+ Angiogenesis,IL10 GP/Fgf2 GP+ Angiogenesis,-323.2850650659906
232,Ihh GP/Spint1 GP+ Ventral Gut,IL10 GP/Fgf2 GP+ Angiogenesis,10467105.964663047
233,Mix,IL10 GP/Fgf2 GP+ Angiogenesis,0.0
234,Nptn GP/Fgf8 GP+ Spinal cord,IL10 GP/Fgf2 GP+ Angiogenesis,3399.0857856906787
235,Pcsk1n GP/Dkk1 GP+ Forebrain,IL10 GP/Fgf2 GP+ Angiogenesis,1250.0318768741681
236,Pgf GP/Cd44 GP+ Allantois,IL10 GP/Fgf2 GP+ Angiogenesis,0.0
237,Saa1 GP/Il6st GP+ Muscles,IL10 GP/Fgf2 GP+ Angiogenesis,146.10020721740207
238,Sfrp4 GP/Pdgfa GP+ Surface Ectoderm,IL10 GP/Fgf2 GP+ Angiogenesis,5860.713990291934
239,Tgfbi GP/Fgf6 GP+ Cranial Mesoderm,IL10 GP/Fgf2 GP+ Angiogenesis,1374.517627153269
240,Bmp4 GP/Vegfb GP+ Lateral Plate Mesoderm,Ihh GP/Spint1 GP+ Ventral Gut,23.437870401428185
241,Bmp8a GP/9-cis-Ret. acid GP+ Splanchnic Mesoderm,Ihh GP/Spint1 GP+ Ventral Gut,1353.9537021316496
242,Calca GP/Shh GP+ Floor Plate,Ihh GP/Spint1 GP+ Ventral Gut,69264.36441252964
243,Cdh13 GP/Col1a1 GP+ Mixed mesenchymal mesoderm,Ihh GP/Spint1 GP+ Ventral Gut,0.0
244,Cthrc1 GP/Pdgfc GP+ Dorsal Gut,Ihh GP/Spint1 GP+ Ventral Gut,306216.69138123485
245,Edn1 GP/Nppa1 GP+ Developing Heart,Ihh GP/Spint1 GP+ Ventral Gut,155.11709916993536
246,Epo GP/Thpo GP+ Hematopoiesis,Ihh GP/Spint1 GP+ Ventral Gut,0.0
247,Fgf17 GP/Efna2 GP+ Midbrain,Ihh GP/Spint1 GP+ Ventral Gut,-150.47872712594688
248,Fgf18 GP/Dll1 GP+ Presomitic Mesoderm,Ihh GP/Spint1 GP+ Ventral Gut,-138.55994763873076
249,Gdf10 GP/Fgf3 GP+ Hindbrain,Ihh GP/Spint1 GP+ Ventral Gut,0.0
250,Guanine GP/Slitrk1 GP+ Neural Crest (Neural Tube),Ihh GP/Spint1 GP+ Ventral Gut,0.0
251,IL10 GP/Fgf2 GP+ Angiogenesis,Ihh GP/Spint1 GP+ Ventral Gut,-29.702432409652836
252,Ihh GP/Spint1 GP+ Ventral Gut,Ihh GP/Spint1 GP+ Ventral Gut,961685.3391498814
253,Mix,Ihh GP/Spint1 GP+ Ventral Gut,0.0
254,Nptn GP/Fgf8 GP+ Spinal cord,Ihh GP/Spint1 GP+ Ventral Gut,312.2974944217763
255,Pcsk1n GP/Dkk1 GP+ Forebrain,Ihh GP/Spint1 GP+ Ventral Gut,114.8490646333681
256,Pgf GP/Cd44 GP+ Allantois,Ihh GP/Spint1 GP+ Ventral Gut,0.0
257,Saa1 GP/Il6st GP+ Muscles,Ihh GP/Spint1 GP+ Ventral Gut,13.423235400699271
258,Sfrp4 GP/Pdgfa GP+ Surface Ectoderm,Ihh GP/Spint1 GP+ Ventral Gut,538.4642842483912
259,Tgfbi GP/Fgf6 GP+ Cranial Mesoderm,Ihh GP/Spint1 GP+ Ventral Gut,126.28643054717892
260,Bmp4 GP/Vegfb GP+ Lateral Plate Mesoderm,Mix,-0.5719753630304094
261,Bmp8a GP/9-cis-Ret. acid GP+ Splanchnic Mesoderm,Mix,-33.041745987977016
262,Calca GP/Shh GP+ Floor Plate,Mix,-1690.32037900137
263,Cdh13 GP/Col1a1 GP+ Mixed mesenchymal mesoderm,Mix,0.0
264,Cthrc1 GP/Pdgfc GP+ Dorsal Gut,Mix,-7472.8804374683905
265,Edn1 GP/Nppa1 GP+ Developing Heart,Mix,-3.7854616307009374
266,Epo GP/Thpo GP+ Hematopoiesis,Mix,0.0
267,Fgf17 GP/Efna2 GP+ Midbrain,Mix,3.6722672794953395
268,Fgf18 GP/Dll1 GP+ Presomitic Mesoderm,Mix,3.381402618699859
269,Gdf10 GP/Fgf3 GP+ Hindbrain,Mix,0.0
270,Guanine GP/Slitrk1 GP+ Neural Crest (Neural Tube),Mix,0.0
271,IL10 GP/Fgf2 GP+ Angiogenesis,Mix,0.724855085782968
272,Ihh GP/Spint1 GP+ Ventral Gut,Mix,-23468.869464682943
273,Mix,Mix,0.0
274,Nptn GP/Fgf8 GP+ Spinal cord,Mix,-7.621275725395973
275,Pcsk1n GP/Dkk1 GP+ Forebrain,Mix,-2.8027646843448135
276,Pgf GP/Cd44 GP+ Allantois,Mix,0.0
277,Saa1 GP/Il6st GP+ Muscles,Mix,-0.32757924716956066
278,Sfrp4 GP/Pdgfa GP+ Surface Ectoderm,Mix,-13.140626651946814
279,Tgfbi GP/Fgf6 GP+ Cranial Mesoderm,Mix,-3.0818809781299743
280,Bmp4 GP/Vegfb GP+ Lateral Plate Mesoderm,Nptn GP/Fgf8 GP+ Spinal cord,-3.018114145023949
281,Bmp8a GP/9-cis-Ret. acid GP+ Splanchnic Mesoderm,Nptn GP/Fgf8 GP+ Spinal cord,-174.34974893717583
282,Calca GP/Shh GP+ Floor Plate,Nptn GP/Fgf8 GP+ Spinal cord,-8919.230049450667
283,Cdh13 GP/Col1a1 GP+ Mixed mesenchymal mesoderm,Nptn GP/Fgf8 GP+ Spinal cord,0.0
284,Cthrc1 GP/Pdgfc GP+ Dorsal Gut,Nptn GP/Fgf8 GP+ Spinal cord,-39431.77907681495
285,Edn1 GP/Nppa1 GP+ Developing Heart,Nptn GP/Fgf8 GP+ Spinal cord,-19.97455840148926
286,Epo GP/Thpo GP+ Hematopoiesis,Nptn GP/Fgf8 GP+ Spinal cord,0.0
287,Fgf17 GP/Efna2 GP+ Midbrain,Nptn GP/Fgf8 GP+ Spinal cord,19.37727135978801
288,Fgf18 GP/Dll1 GP+ Presomitic Mesoderm,Nptn GP/Fgf8 GP+ Spinal cord,17.84248017160929
289,Gdf10 GP/Fgf3 GP+ Hindbrain,Nptn GP/Fgf8 GP+ Spinal cord,0.0
290,Guanine GP/Slitrk1 GP+ Neural Crest (Neural Tube),Nptn GP/Fgf8 GP+ Spinal cord,0.0
291,IL10 GP/Fgf2 GP+ Angiogenesis,Nptn GP/Fgf8 GP+ Spinal cord,3.824807026483449
292,Ihh GP/Spint1 GP+ Ventral Gut,Nptn GP/Fgf8 GP+ Spinal cord,-123837.02424489651
293,Mix,Nptn GP/Fgf8 GP+ Spinal cord,0.0
294,Nptn GP/Fgf8 GP+ Spinal cord,Nptn GP/Fgf8 GP+ Spinal cord,-40.214809162545
295,Pcsk1n GP/Dkk1 GP+ Forebrain,Nptn GP/Fgf8 GP+ Spinal cord,-14.789209965578424
296,Pgf GP/Cd44 GP+ Allantois,Nptn GP/Fgf8 GP+ Spinal cord,0.0
297,Saa1 GP/Il6st GP+ Muscles,Nptn GP/Fgf8 GP+ Spinal cord,-1.7285212325590797
298,Sfrp4 GP/Pdgfa GP+ Surface Ectoderm,Nptn GP/Fgf8 GP+ Spinal cord,-69.33849556490576
299,Tgfbi GP/Fgf6 GP+ Cranial Mesoderm,Nptn GP/Fgf8 GP+ Spinal cord,-16.262009125871707
300,Bmp4 GP/Vegfb GP+ Lateral Plate Mesoderm,Pcsk1n GP/Dkk1 GP+ Forebrain,-0.03223963918667384
301,Bmp8a GP/9-cis-Ret. acid GP+ Splanchnic Mesoderm,Pcsk1n GP/Dkk1 GP+ Forebrain,-1.8624123303252718
302,Calca GP/Shh GP+ Floor Plate,Pcsk1n GP/Dkk1 GP+ Forebrain,-95.27564061529112
303,Cdh13 GP/Col1a1 GP+ Mixed mesenchymal mesoderm,Pcsk1n GP/Dkk1 GP+ Forebrain,0.0
304,Cthrc1 GP/Pdgfc GP+ Dorsal Gut,Pcsk1n GP/Dkk1 GP+ Forebrain,-421.21214402083524
305,Edn1 GP/Nppa1 GP+ Developing Heart,Pcsk1n GP/Dkk1 GP+ Forebrain,-0.2133691851379759
306,Epo GP/Thpo GP+ Hematopoiesis,Pcsk1n GP/Dkk1 GP+ Forebrain,0.0
307,Fgf17 GP/Efna2 GP+ Midbrain,Pcsk1n GP/Dkk1 GP+ Forebrain,0.2069889364826777
308,Fgf18 GP/Dll1 GP+ Presomitic Mesoderm,Pcsk1n GP/Dkk1 GP+ Forebrain,0.1905942238389064
309,Gdf10 GP/Fgf3 GP+ Hindbrain,Pcsk1n GP/Dkk1 GP+ Forebrain,0.0
310,Guanine GP/Slitrk1 GP+ Neural Crest (Neural Tube),Pcsk1n GP/Dkk1 GP+ Forebrain,0.0
311,IL10 GP/Fgf2 GP+ Angiogenesis,Pcsk1n GP/Dkk1 GP+ Forebrain,0.04085677100575748
312,Ihh GP/Spint1 GP+ Ventral Gut,Pcsk1n GP/Dkk1 GP+ Forebrain,-1322.832996952526
313,Mix,Pcsk1n GP/Dkk1 GP+ Forebrain,0.0
314,Nptn GP/Fgf8 GP+ Spinal cord,Pcsk1n GP/Dkk1 GP+ Forebrain,-0.42957650872780584
315,Pcsk1n GP/Dkk1 GP+ Forebrain,Pcsk1n GP/Dkk1 GP+ Forebrain,-0.15797904593248122
316,Pgf GP/Cd44 GP+ Allantois,Pcsk1n GP/Dkk1 GP+ Forebrain,0.0
317,Saa1 GP/Il6st GP+ Muscles,Pcsk1n GP/Dkk1 GP+ Forebrain,-0.018464146213981916
318,Sfrp4 GP/Pdgfa GP+ Surface Ectoderm,Pcsk1n GP/Dkk1 GP+ Forebrain,-0.7406771153586065
319,Tgfbi GP/Fgf6 GP+ Cranial Mesoderm,Pcsk1n GP/Dkk1 GP+ Forebrain,-0.17371155677889075
320,Bmp4 GP/Vegfb GP+ Lateral Plate Mesoderm,Pgf GP/Cd44 GP+ Allantois,-0.9266196255652719
321,Bmp8a GP/9-cis-Ret. acid GP+ Splanchnic Mesoderm,Pgf GP/Cd44 GP+ Allantois,-53.52875713595089
322,Calca GP/Shh GP+ Floor Plate,Pgf GP/Cd44 GP+ Allantois,-2738.376751713916
323,Cdh13 GP/Col1a1 GP+ Mixed mesenchymal mesoderm,Pgf GP/Cd44 GP+ Allantois,0.0
324,Cthrc1 GP/Pdgfc GP+ Dorsal Gut,Pgf GP/Cd44 GP+ Allantois,-12106.32156632395
325,Edn1 GP/Nppa1 GP+ Developing Heart,Pgf GP/Cd44 GP+ Allantois,-6.132577145014762
326,Epo GP/Thpo GP+ Hematopoiesis,Pgf GP/Cd44 GP+ Allantois,0.0
327,Fgf17 GP/Efna2 GP+ Midbrain,Pgf GP/Cd44 GP+ Allantois,5.949198429584572
328,Fgf18 GP/Dll1 GP+ Presomitic Mesoderm,Pgf GP/Cd44 GP+ Allantois,5.477987743780699
329,Gdf10 GP/Fgf3 GP+ Hindbrain,Pgf GP/Cd44 GP+ Allantois,0.0
330,Guanine GP/Slitrk1 GP+ Neural Crest (Neural Tube),Pgf GP/Cd44 GP+ Allantois,0.0
331,IL10 GP/Fgf2 GP+ Angiogenesis,Pgf GP/Cd44 GP+ Allantois,1.1742899984690238
332,Ihh GP/Spint1 GP+ Ventral Gut,Pgf GP/Cd44 GP+ Allantois,-38020.37017921104
333,Mix,Pgf GP/Cd44 GP+ Allantois,0.0
334,Nptn GP/Fgf8 GP+ Spinal cord,Pgf GP/Cd44 GP+ Allantois,-12.346727001632521
335,Pcsk1n GP/Dkk1 GP+ Forebrain,Pgf GP/Cd44 GP+ Allantois,-4.540574525090322
336,Pgf GP/Cd44 GP+ Allantois,Pgf GP/Cd44 GP+ Allantois,0.0
337,Saa1 GP/Il6st GP+ Muscles,Pgf GP/Cd44 GP+ Allantois,-0.5306895698216884
338,Sfrp4 GP/Pdgfa GP+ Surface Ectoderm,Pgf GP/Cd44 GP+ Allantois,-21.288264031876917
339,Tgfbi GP/Fgf6 GP+ Cranial Mesoderm,Pgf GP/Cd44 GP+ Allantois,-4.9927524550383575
340,Bmp4 GP/Vegfb GP+ Lateral Plate Mesoderm,Saa1 GP/Il6st GP+ Muscles,-8.35161549978699
341,Bmp8a GP/9-cis-Ret. acid GP+ Splanchnic Mesoderm,Saa1 GP/Il6st GP+ Muscles,-482.454272979836
342,Calca GP/Shh GP+ Floor Plate,Saa1 GP/Il6st GP+ Muscles,-24680.968428570508
343,Cdh13 GP/Col1a1 GP+ Mixed mesenchymal mesoderm,Saa1 GP/Il6st GP+ Muscles,0.0
344,Cthrc1 GP/Pdgfc GP+ Dorsal Gut,Saa1 GP/Il6st GP+ Muscles,-109114.18239931783
345,Edn1 GP/Nppa1 GP+ Developing Heart,Saa1 GP/Il6st GP+ Muscles,-55.27287025320718
346,Epo GP/Thpo GP+ Hematopoiesis,Saa1 GP/Il6st GP+ Muscles,0.0
347,Fgf17 GP/Efna2 GP+ Midbrain,Saa1 GP/Il6st GP+ Muscles,53.62007931303737
348,Fgf18 GP/Dll1 GP+ Presomitic Mesoderm,Saa1 GP/Il6st GP+ Muscles,49.373061055870444
349,Gdf10 GP/Fgf3 GP+ Hindbrain,Saa1 GP/Il6st GP+ Muscles,0.0
350,Guanine GP/Slitrk1 GP+ Neural Crest (Neural Tube),Saa1 GP/Il6st GP+ Muscles,0.0
351,IL10 GP/Fgf2 GP+ Angiogenesis,Saa1 GP/Il6st GP+ Muscles,10.583866650219058
352,Ihh GP/Spint1 GP+ Ventral Gut,Saa1 GP/Il6st GP+ Muscles,-342677.3015978722
353,Mix,Saa1 GP/Il6st GP+ Muscles,0.0
354,Nptn GP/Fgf8 GP+ Spinal cord,Saa1 GP/Il6st GP+ Muscles,-111.28095472354016
355,Pcsk1n GP/Dkk1 GP+ Forebrain,Saa1 GP/Il6st GP+ Muscles,-40.92416298494555
356,Pgf GP/Cd44 GP+ Allantois,Saa1 GP/Il6st GP+ Muscles,0.0
357,Saa1 GP/Il6st GP+ Muscles,Saa1 GP/Il6st GP+ Muscles,-4.783100977592987
358,Sfrp4 GP/Pdgfa GP+ Surface Ectoderm,Saa1 GP/Il6st GP+ Muscles,-191.87095864036107
359,Tgfbi GP/Fgf6 GP+ Cranial Mesoderm,Saa1 GP/Il6st GP+ Muscles,-44.999639161172354
360,Bmp4 GP/Vegfb GP+ Lateral Plate Mesoderm,Sfrp4 GP/Pdgfa GP+ Surface Ectoderm,0.6086685639337089
361,Bmp8a GP/9-cis-Ret. acid GP+ Splanchnic Mesoderm,Sfrp4 GP/Pdgfa GP+ Surface Ectoderm,35.161430684375695
362,Calca GP/Shh GP+ Floor Plate,Sfrp4 GP/Pdgfa GP+ Surface Ectoderm,1798.75733147609
363,Cdh13 GP/Col1a1 GP+ Mixed mesenchymal mesoderm,Sfrp4 GP/Pdgfa GP+ Surface Ectoderm,0.0
364,Cthrc1 GP/Pdgfc GP+ Dorsal Gut,Sfrp4 GP/Pdgfa GP+ Surface Ectoderm,7952.278539102689
365,Edn1 GP/Nppa1 GP+ Developing Heart,Sfrp4 GP/Pdgfa GP+ Surface Ectoderm,4.028305489204075
366,Epo GP/Thpo GP+ Hematopoiesis,Sfrp4 GP/Pdgfa GP+ Surface Ectoderm,0.0
367,Fgf17 GP/Efna2 GP+ Midbrain,Sfrp4 GP/Pdgfa GP+ Surface Ectoderm,-3.9078495261557924
368,Fgf18 GP/Dll1 GP+ Presomitic Mesoderm,Sfrp4 GP/Pdgfa GP+ Surface Ectoderm,-3.598325398320186
369,Gdf10 GP/Fgf3 GP+ Hindbrain,Sfrp4 GP/Pdgfa GP+ Surface Ectoderm,0.0
370,Guanine GP/Slitrk1 GP+ Neural Crest (Neural Tube),Sfrp4 GP/Pdgfa GP+ Surface Ectoderm,0.0
371,IL10 GP/Fgf2 GP+ Angiogenesis,Sfrp4 GP/Pdgfa GP+ Surface Ectoderm,-0.7713557832037413
372,Ihh GP/Spint1 GP+ Ventral Gut,Sfrp4 GP/Pdgfa GP+ Surface Ectoderm,24974.437707480047
373,Mix,Sfrp4 GP/Pdgfa GP+ Surface Ectoderm,0.0
374,Nptn GP/Fgf8 GP+ Spinal cord,Sfrp4 GP/Pdgfa GP+ Surface Ectoderm,8.110193639359556
375,Pcsk1n GP/Dkk1 GP+ Forebrain,Sfrp4 GP/Pdgfa GP+ Surface Ectoderm,2.982566847680074
376,Pgf GP/Cd44 GP+ Allantois,Sfrp4 GP/Pdgfa GP+ Surface Ectoderm,0.0
377,Saa1 GP/Il6st GP+ Muscles,Sfrp4 GP/Pdgfa GP+ Surface Ectoderm,0.3485940179185321
378,Sfrp4 GP/Pdgfa GP+ Surface Ectoderm,Sfrp4 GP/Pdgfa GP+ Surface Ectoderm,13.983620397657326
379,Tgfbi GP/Fgf6 GP+ Cranial Mesoderm,Sfrp4 GP/Pdgfa GP+ Surface Ectoderm,3.2795889306044295
380,Bmp4 GP/Vegfb GP+ Lateral Plate Mesoderm,Tgfbi GP/Fgf6 GP+ Cranial Mesoderm,-0.4221203332097863
381,Bmp8a GP/9-cis-Ret. acid GP+ Splanchnic Mesoderm,Tgfbi GP/Fgf6 GP+ Cranial Mesoderm,-24.384953842035376
382,Calca GP/Shh GP+ Floor Plate,Tgfbi GP/Fgf6 GP+ Cranial Mesoderm,-1247.4638729805135
383,Cdh13 GP/Col1a1 GP+ Mixed mesenchymal mesoderm,Tgfbi GP/Fgf6 GP+ Cranial Mesoderm,0.0
384,Cthrc1 GP/Pdgfc GP+ Dorsal Gut,Tgfbi GP/Fgf6 GP+ Cranial Mesoderm,-5515.018625257358
385,Edn1 GP/Nppa1 GP+ Developing Heart,Tgfbi GP/Fgf6 GP+ Cranial Mesoderm,-2.793687330234512
386,Epo GP/Thpo GP+ Hematopoiesis,Tgfbi GP/Fgf6 GP+ Cranial Mesoderm,0.0
387,Fgf17 GP/Efna2 GP+ Midbrain,Tgfbi GP/Fgf6 GP+ Cranial Mesoderm,2.7101494012663485
388,Fgf18 GP/Dll1 GP+ Presomitic Mesoderm,Tgfbi GP/Fgf6 GP+ Cranial Mesoderm,2.4954900025058286
389,Gdf10 GP/Fgf3 GP+ Hindbrain,Tgfbi GP/Fgf6 GP+ Cranial Mesoderm,0.0
390,Guanine GP/Slitrk1 GP+ Neural Crest (Neural Tube),Tgfbi GP/Fgf6 GP+ Cranial Mesoderm,0.0
391,IL10 GP/Fgf2 GP+ Angiogenesis,Tgfbi GP/Fgf6 GP+ Cranial Mesoderm,0.5349462408982242
392,Ihh GP/Spint1 GP+ Ventral Gut,Tgfbi GP/Fgf6 GP+ Cranial Mesoderm,-17320.128870589546
393,Mix,Tgfbi GP/Fgf6 GP+ Cranial Mesoderm,0.0
394,Nptn GP/Fgf8 GP+ Spinal cord,Tgfbi GP/Fgf6 GP+ Cranial Mesoderm,-5.62453500032441
395,Pcsk1n GP/Dkk1 GP+ Forebrain,Tgfbi GP/Fgf6 GP+ Cranial Mesoderm,-2.0684526623594297
396,Pgf GP/Cd44 GP+ Allantois,Tgfbi GP/Fgf6 GP+ Cranial Mesoderm,0.0
397,Saa1 GP/Il6st GP+ Muscles,Tgfbi GP/Fgf6 GP+ Cranial Mesoderm,-0.24175492495902096
398,Sfrp4 GP/Pdgfa GP+ Surface Ectoderm,Tgfbi GP/Fgf6 GP+ Cranial Mesoderm,-9.697840255770386
399,Tgfbi GP/Fgf6 GP+ Cranial Mesoderm,Tgfbi GP/Fgf6 GP+ Cranial Mesoderm,-2.274441714602235
